﻿{
    "swagger": "2.0",
    "info": {
        "version": "1.0.4",
        "title": "CCH iFirm Integration",
        "description": "This is HubOne Integration for Microsoft Flow for integrating CCH iFirm partner API into Microsoft Flow and PowerApps"
    },
    "host": "hubone.acclipse.com",
    "basePath": "/",
    "schemes": [
        "https"
    ],
    "consumes": [],
    "produces": [
        "application/json"
    ],
    "paths": {
        "/crm/api/partner/1.0/contacts/search/": {},
        "/crm/api/partner/1.0/contacts/search": {
            "get": {
                "summary": "Search and Page for Contacts",
                "description": "This method searches for and pages contacts.",
                "operationId": "ListContacts",
                "parameters": [
                    {
                        "name": "$orderby",
                        "in": "query",
                        "required": true,
                        "type": "string",
                        "description": "How to order the list",
                        "default": "name"
                    },
                    {
                        "name": "$top",
                        "in": "query",
                        "required": true,
                        "type": "integer",
                        "default": "50"
                    },
                    {
                        "name": "$skip",
                        "in": "query",
                        "required": false,
                        "type": "integer"
                    }
                ],
                "responses": {
                    "200": {
                        "description": "OK",
                        "schema": {
                            "$ref": "#/definitions/Contacts"
                        }
                    },
                    "default": {
                        "description": "Error Response",
                        "schema": {
                            "type": "string"
                        }
                    }
                },
                "x-ms-visibility": "important"
            }
        },
        "/crm/api/partner/1.0/contacts/{ifirmId}": {
            "get": {
                "responses": {
                    "200": {
                        "description": "Ok",
                        "schema": {
                            "$ref": "#/definitions/Contact"
                        }
                    },
                    "default": {
                        "description": "Error Response",
                        "schema": {
                            "type": "string"
                        }
                    }
                },
                "summary": "Select a single contact for iFirm Id",
                "description": "Selects a single contact from iFirm given its ID",
                "operationId": "GetContact",
                "parameters": [
                    {
                        "name": "ifirmId",
                        "in": "path",
                        "required": true,
                        "type": "integer",
                        "description": "The iD of the Contact",
                        "x-ms-summary": "The id of the Contact"
                    }
                ]
            }
        },
        "/crm/api/partner/1.0/contact": {
            "post": {
                "responses": {
                    "200": {
                        "description": "Ok",
                        "schema": {
                            "$ref": "#/definitions/Contact"
                        }
                    },
                    "default": {
                        "description": "Error Response",
                        "schema": {
                            "type": "string"
                        }
                    }
                },
                "summary": "NewContact",
                "description": "Create a new contact record in iFirm",
                "operationId": "NewContact",
                "parameters": [
                    {
                        "name": "body",
                        "in": "body",
                        "required": false,
                        "schema": {
                            "$ref": "#/definitions/Contact"
                        }
                    }
                ]
            },
            "put": {
                "responses": {
                    "200": {
                        "description": "Ok",
                        "schema": {
                            "$ref": "#/definitions/Contact"
                        }
                    },
                    "default": {
                        "description": "Error Response",
                        "schema": {
                            "type": "string"
                        }
                    }
                },
                "summary": "Update Contact",
                "description": "Update an existing contact record in Ifirm",
                "operationId": "UpdateContact",
                "parameters": []
            }
        },
        "/crm/api/partner/1.0/contactgroups/list": {
            "get": {
                "responses": {
                    "200": {
                        "description": "default",
                        "schema": {
                            "$ref": "#/definitions/group"
                        }
                    },
                    "default": {
                        "description": "Error Response",
                        "schema": {
                            "type": "string"
                        }
                    }
                },
                "summary": "List Contact Groups",
                "description": "Lists all Contact Groups in iFirm",
                "operationId": "ListContactGroups",
                "parameters": []
            }
        },
        "/crm/api/partner/1.0/contactgroups/{groupid}": {
            "get": {
                "responses": {
                    "200": {
                        "description": "Ok",
                        "schema": {
                            "$ref": "#/definitions/group"
                        }
                    },
                    "default": {
                        "description": "Error Response",
                        "schema": {
                            "type": "string"
                        }
                    }
                },
                "summary": "Get Contact Group Details",
                "description": "Get Contact Group Details",
                "operationId": "GetContactGroupDetails",
                "parameters": [
                    {
                        "name": "groupid",
                        "in": "path",
                        "required": true,
                        "type": "integer",
                        "description": "The Id of the Group",
                        "x-ms-summary": "The iD of the Group"
                    }
                ]
            }
        },
        "/crm/partner/1.0/contactgroups": {
            "post": {
                "responses": {
                    "200": {
                        "description": "Ok",
                        "schema": {
                            "$ref": "#/definitions/group"
                        }
                    },
                    "default": {
                        "description": "Error Response",
                        "schema": {
                            "type": "string"
                        }
                    }
                },
                "summary": "Add Contact Group",
                "description": "Add a new group.  As mentioned in the notes GroupType must be \"Client\".  The creating of a contact group at the moment does not support adding the members at the same time, that will need to be done using the add member endpoint.",
                "operationId": "AddContactGroup",
                "parameters": [
                    {
                        "name": "body",
                        "in": "body",
                        "required": false,
                        "schema": {
                            "$ref": "#/definitions/group"
                        }
                    }
                ]
            }
        },
        "/crm/partner/1.0/contactgroups/{groupid}/members": {
            "post": {
                "responses": {
                    "default": {
                        "description": "default",
                        "schema": {
                            "type": "string"
                        }
                    }
                },
                "summary": "Add Client to Contact Group",
                "description": "Adds a Client into a Contact Group",
                "operationId": "AddClientToGroup",
                "parameters": [
                    {
                        "name": "groupid",
                        "in": "path",
                        "required": true,
                        "type": "string"
                    },
                    {
                        "name": "body",
                        "in": "body",
                        "required": false,
                        "schema": {
                            "type": "string"
                        }
                    }
                ]
            }
        },
        "/crm/partner/1.0/contactgroups/{groupid}/members/{clientid}": {
            "delete": {
                "responses": {
                    "default": {
                        "description": "default",
                        "schema": {
                            "type": "string"
                        }
                    }
                },
                "summary": "Remove a client from a contact group",
                "description": "Removes a client from a contact group",
                "operationId": "RemoveClientFromGroup",
                "parameters": [
                    {
                        "name": "groupid",
                        "in": "path",
                        "required": true,
                        "type": "string"
                    },
                    {
                        "name": "clientid",
                        "in": "path",
                        "required": true,
                        "type": "string"
                    }
                ]
            }
        },
        "/crm/api/partner/1.0/contactgroups/contact/{clientid}": {
            "get": {
                "responses": {
                    "default": {
                        "description": "default",
                        "schema": {
                            "type": "string"
                        }
                    }
                },
                "summary": "List Client Groups",
                "description": "Lists Contact Groups for a Client",
                "operationId": "ListClientGroups",
                "parameters": [
                    {
                        "name": "clientid",
                        "in": "path",
                        "required": true,
                        "type": "string"
                    }
                ]
            }
        },
        "/crm/api/partner/1.0/entitytype/list": {
            "get": {
                "responses": {
                    "default": {
                        "description": "default",
                        "schema": {
                            "type": "string"
                        }
                    }
                },
                "summary": "List Entitites",
                "description": "Lists all Entities in iFirm",
                "operationId": "ListEntities",
                "parameters": []
            }
        },
        "/fe/api/partner/1.0/users": {
            "get": {
                "responses": {
                    "default": {
                        "description": "default",
                        "schema": {
                            "type": "string"
                        }
                    }
                },
                "summary": "List Active Users",
                "description": "Lists active users in Ifirm",
                "operationId": "ListUsers",
                "parameters": []
            }
        },
        "/crm/api/partner/1.0/filtergroup/{groupid}/list": {
            "get": {
                "responses": {
                    "default": {
                        "description": "default",
                        "schema": {
                            "type": "object",
                            "properties": {
                                "items": {
                                    "type": "array",
                                    "items": {
                                        "type": "object",
                                        "properties": {
                                            "id": {
                                                "type": "integer",
                                                "format": "int32",
                                                "description": "id",
                                                "x-ms-summary": "id"
                                            },
                                            "description": {
                                                "type": "string",
                                                "description": "description",
                                                "x-ms-summary": "description"
                                            }
                                        }
                                    },
                                    "description": "items",
                                    "x-ms-summary": "items"
                                }
                            }
                        }
                    }
                },
                "summary": "List Filter Group Values",
                "description": "List the possible values for the filter group, {groupId} must be 1 or 2 at the moment.",
                "operationId": "ListFilterGroups",
                "parameters": [
                    {
                        "name": "groupid",
                        "in": "path",
                        "required": true,
                        "type": "string"
                    }
                ]
            }
        },
        "/apm/api/partner/1.0/payment": {
            "post": {
                "responses": {
                    "default": {
                        "description": "default",
                        "schema": {
                            "type": "string"
                        }
                    }
                },
                "summary": "Add Payment",
                "description": "Add Payment",
                "operationId": "AddPayment",
                "parameters": [
                    {
                        "name": "body",
                        "in": "body",
                        "required": false,
                        "schema": {
                            "type": "string"
                        }
                    }
                ]
            }
        }
    },
    "definitions": {
        "group": {
            "type": "object",
            "properties": {
                "clientGroupId": {
                    "type": "integer"
                },
                "groupName": {
                    "type": "string"
                },
                "groupType": {
                    "type": "string"
                },
                "members": {
                    "type": "array",
                    "items": {
                        "$ref": "#/definitions/member"
                    }
                }
            }
        },
        "member": {
            "type": "object",
            "properties": {
                "id": {
                    "type": "integer"
                },
                "clientid": {
                    "type": "integer"
                },
                "main": {
                    "type": "boolean"
                }
            }
        },
        "Contact": {
            "type": "object",
            "properties": {
                "id": {
                    "type": "integer"
                },
                "active": {
                    "type": "boolean"
                },
                "contactType": {
                    "type": "string"
                },
                "clientCode": {
                    "type": "string"
                },
                "entitytype": {
                    "type": "integer"
                },
                "title": {
                    "type": "string"
                },
                "salutation": {
                    "type": "string"
                },
                "name": {
                    "type": "string"
                },
                "firstName": {
                    "type": "string"
                },
                "lastName": {
                    "type": "string"
                },
                "mailingName": {
                    "type": "string"
                },
                "sex": {
                    "type": "string"
                },
                "birthCountryCode": {
                    "type": "string"
                },
                "identifiers": {
                    "$ref": "#/definitions/Identifiers"
                },
                "filterGroups": {
                    "$ref": "#/definitions/filterGroups"
                },
                "communications": {
                    "$ref": "#/definitions/communications"
                },
                "addresses": {
                    "type": "array",
                    "items": {
                        "$ref": "#/definitions/Address"
                    }
                },
                "lastChangedUtc": {
                    "type": "string"
                },
                "managerId": {
                    "type": "integer"
                },
                "partnerId": {
                    "type": "integer"
                },
                "clientFrom": {
                    "type": "string"
                },
                "clientUntil": {
                    "type": "string"
                }
            }
        },
        "Contacts": {
            "type": "object",
            "properties": {
                "@odata.count": {
                    "type": "integer"
                },
                "contacts": {
                    "type": "array",
                    "items": {
                        "$ref": "#/definitions/Contact"
                    }
                }
            }
        },
        "Address": {
            "type": "object",
            "properties": {
                "name": {
                    "type": "string"
                },
                "format": {
                    "type": "string"
                },
                "addressKind": {
                    "type": "string"
                },
                "usage": {
                    "type": "string"
                },
                "items": {
                    "type": "object",
                    "properties": {
                        "addressee": {
                            "type": "string"
                        },
                        "city": {
                            "type": "string"
                        },
                        "countryCode": {
                            "type": "string"
                        },
                        "line1": {
                            "type": "string"
                        },
                        "line2": {
                            "type": "string"
                        },
                        "line3": {
                            "type": "string"
                        },
                        "postcode": {
                            "type": "string"
                        },
                        "state": {
                            "type": "string"
                        }
                    }
                }
            }
        },
        "communications": {
            "type": "object",
            "properties": {
                "workphone": {
                    "type": "string"
                },
                "homephone": {
                    "type": "string"
                },
                "fax": {
                    "type": "string"
                },
                "cell": {
                    "type": "string"
                },
                "email": {
                    "type": "string"
                },
                "linkedin": {
                    "type": "string"
                },
                "skype_id": {
                    "type": "string"
                },
                "twitter_id": {
                    "type": "string"
                },
                "web_address": {
                    "type": "string"
                }
            }
        },
        "filterGroups": {
            "type": "object",
            "properties": {
                "Group1": {
                    "type": "number"
                },
                "Group2": {
                    "type": "number"
                }
            }
        },
        "Identifiers": {
            "type": "object",
            "properties": {
                "irdno": {
                    "type": "string"
                },
                "companyno": {
                    "type": "string"
                },
                "abn_division_number": {
                    "type": "string"
                },
                "abn_no": {
                    "type": "string"
                },
                "accountnumber": {
                    "type": "string"
                },
                "accountname": {
                    "type": "string"
                },
                "acc_no": {
                    "type": "string"
                },
                "bpaycustomerrefno": {
                    "type": "string"
                },
                "bsb": {
                    "type": "string"
                },
                "businessregistrationnumber": {
                    "type": "string"
                },
                "company_key": {
                    "type": "string"
                },
                "crnumber": {
                    "type": "string"
                },
                "ein": {
                    "type": "string"
                },
                "ninumber": {
                    "type": "string"
                },
                "pan": {
                    "type": "string"
                },
                "payroll_id": {
                    "type": "string"
                },
                "servicetaxnumber": {
                    "type": "string"
                },
                "sfn_no": {
                    "type": "string"
                },
                "ssn": {
                    "type": "string"
                },
                "sstno": {
                    "type": "string"
                },
                "tan": {
                    "type": "string"
                },
                "taxfilenumber": {
                    "type": "string"
                },
                "taxnumber": {
                    "type": "string"
                },
                "taxreferencenumber": {
                    "type": "string"
                },
                "tfn_division_number": {
                    "type": "string"
                },
                "tfn_no": {
                    "type": "string"
                },
                "tin": {
                    "type": "string"
                },
                "trn_type_id": {
                    "type": "string"
                },
                "tr_no": {
                    "type": "string"
                }
            }
        }
    },
    "parameters": {},
    "responses": {},
    "securityDefinitions": {
        "OAuth": {
            "type": "oauth2",
            "authorizationUrl": "https://hubone.acclipse.com/oauth2/api/Authorise",
            "tokenUrl": "https://hubone.acclipse.com/oauth2/api/Token",
            "flow": "accessCode",
            "scopes": {
            }
        }
    },
    "security": [
        {
            "OAuth": [
                "Read"
            ]
        }
    ],
    "tags": []
}